occurrence_no,record_type,reid_no,flags,collection_no,identified_name,identified_rank,identified_no,difference,accepted_name,accepted_rank,accepted_no,early_interval,late_interval,early_age,late_age,reference_no,lng,lat,cx_int_no,phylum,class,order,family,genus
139292,occ,22878.0,,11917,Tyrannosaurus rex,species,54833,,Tyrannosaurus rex,species,54833,Late Maastrichtian,,72.2,66.0,4218,-113.0289,51.906399,112,Chordata,Saurischia,NO_ORDER_SPECIFIED,Tyrannosauridae,Tyrannosaurus
139293,occ,,,11918,cf. Tyrannosaurus rex,species,54833,,Tyrannosaurus rex,species,54833,Late Maastrichtian,,72.2,66.0,4205,-113.23333,51.933334,112,Chordata,Saurischia,NO_ORDER_SPECIFIED,Tyrannosauridae,Tyrannosaurus
220009,occ,,,22657,Tyrannosaurus rex,species,54833,,Tyrannosaurus rex,species,54833,Late Campanian,,83.6,72.2,5721,-111.524582,50.727234,113,Chordata,Saurischia,NO_ORDER_SPECIFIED,Tyrannosauridae,Tyrannosaurus
280101,occ,,,26760,Tyrannosaurus rex,species,54833,,Tyrannosaurus rex,species,54833,Late Maastrichtian,,72.2,66.0,7389,-104.456505,43.489639,112,Chordata,Saurischia,NO_ORDER_SPECIFIED,Tyrannosauridae,Tyrannosaurus
291021,occ,,,14640,cf. Tyrannosaurus rex,species,54833,,Tyrannosaurus rex,species,54833,Lancian,,72.2,66.0,717,-104.491669,40.386391,112,Chordata,Saurischia,NO_ORDER_SPECIFIED,Tyrannosauridae,Tyrannosaurus
401751,occ,18008.0,,38544,Aublysodon molnaris n. sp.,species,57107,,Tyrannosaurus rex,species,54833,Maastrichtian,,72.2,66.0,10350,-107.083,47.536201,112,Chordata,Saurischia,NO_ORDER_SPECIFIED,Tyrannosauridae,Tyrannosaurus
457806,occ,,,45098,Tyrannosaurus rex,species,54833,,Tyrannosaurus rex,species,54833,Late Maastrichtian,,72.2,66.0,11749,-103.9617,45.948799,112,Chordata,Saurischia,NO_ORDER_SPECIFIED,Tyrannosauridae,Tyrannosaurus
457816,occ,,,45099,Tyrannosaurus rex,species,54833,,Tyrannosaurus rex,species,54833,Late Maastrichtian,,72.2,66.0,11749,-103.9617,45.948799,112,Chordata,Saurischia,NO_ORDER_SPECIFIED,Tyrannosauridae,Tyrannosaurus
457841,occ,,,14610,Tyrannosaurus rex,species,54833,,Tyrannosaurus rex,species,54833,Lancian,,72.2,66.0,11749,-103.300003,46.099998,112,Chordata,Saurischia,NO_ORDER_SPECIFIED,Tyrannosauridae,Tyrannosaurus
457862,occ,,,45102,Tyrannosaurus rex,species,54833,,Tyrannosaurus rex,species,54833,Late Maastrichtian,,72.2,66.0,11749,-103.753899,45.977699,112,Chordata,Saurischia,NO_ORDER_SPECIFIED,Tyrannosauridae,Tyrannosaurus
457881,occ,,,45109,Tyrannosaurus rex,species,54833,,Tyrannosaurus rex,species,54833,Late Maastrichtian,,72.2,66.0,11749,-103.766899,46.026402,112,Chordata,Saurischia,NO_ORDER_SPECIFIED,Tyrannosauridae,Tyrannosaurus
457902,occ,,,45111,Tyrannosaurus rex,species,54833,,Tyrannosaurus rex,species,54833,Late Maastrichtian,,72.2,66.0,11749,-103.766899,46.026402,112,Chordata,Saurischia,NO_ORDER_SPECIFIED,Tyrannosauridae,Tyrannosaurus
457914,occ,,,45112,Tyrannosaurus rex,species,54833,,Tyrannosaurus rex,species,54833,Late Maastrichtian,,72.2,66.0,11749,-103.766899,46.026402,112,Chordata,Saurischia,NO_ORDER_SPECIFIED,Tyrannosauridae,Tyrannosaurus
457927,occ,,,45114,Tyrannosaurus rex,species,54833,,Tyrannosaurus rex,species,54833,Late Maastrichtian,,72.2,66.0,11749,-103.766899,46.026402,112,Chordata,Saurischia,NO_ORDER_SPECIFIED,Tyrannosauridae,Tyrannosaurus
457946,occ,,,45118,Tyrannosaurus rex,species,54833,,Tyrannosaurus rex,species,54833,Late Maastrichtian,,72.2,66.0,11749,-103.766899,46.026402,112,Chordata,Saurischia,NO_ORDER_SPECIFIED,Tyrannosauridae,Tyrannosaurus
457975,occ,,,45126,Tyrannosaurus rex,species,54833,,Tyrannosaurus rex,species,54833,Maastrichtian,,72.2,66.0,11749,-103.795403,46.136902,112,Chordata,Saurischia,NO_ORDER_SPECIFIED,Tyrannosauridae,Tyrannosaurus
457986,occ,,,45128,Tyrannosaurus rex,species,54833,,Tyrannosaurus rex,species,54833,Late Maastrichtian,,72.2,66.0,11749,-103.939697,46.406399,112,Chordata,Saurischia,NO_ORDER_SPECIFIED,Tyrannosauridae,Tyrannosaurus
458111,occ,,,45136,Tyrannosaurus rex,species,54833,,Tyrannosaurus rex,species,54833,Late Maastrichtian,,72.2,66.0,11749,-103.964401,46.381901,112,Chordata,Saurischia,NO_ORDER_SPECIFIED,Tyrannosauridae,Tyrannosaurus
458207,occ,,,45138,Tyrannosaurus rex,species,54833,,Tyrannosaurus rex,species,54833,Maastrichtian,,72.2,66.0,11749,-103.0233,46.449799,112,Chordata,Saurischia,NO_ORDER_SPECIFIED,Tyrannosauridae,Tyrannosaurus
458213,occ,,,45141,Tyrannosaurus rex,species,54833,,Tyrannosaurus rex,species,54833,Maastrichtian,,72.2,66.0,11749,-104.0233,46.464298,112,Chordata,Saurischia,NO_ORDER_SPECIFIED,Tyrannosauridae,Tyrannosaurus
458258,occ,,,45144,Tyrannosaurus rex,species,54833,,Tyrannosaurus rex,species,54833,Late Maastrichtian,,72.2,66.0,11749,-103.897903,46.334,112,Chordata,Saurischia,NO_ORDER_SPECIFIED,Tyrannosauridae,Tyrannosaurus
458288,occ,,,45145,Tyrannosaurus rex,species,54833,,Tyrannosaurus rex,species,54833,Late Maastrichtian,,72.2,66.0,11749,-103.897903,46.334,112,Chordata,Saurischia,NO_ORDER_SPECIFIED,Tyrannosauridae,Tyrannosaurus
458292,occ,,,45146,Tyrannosaurus rex,species,54833,,Tyrannosaurus rex,species,54833,Maastrichtian,,72.2,66.0,11749,-103.897903,46.334,112,Chordata,Saurischia,NO_ORDER_SPECIFIED,Tyrannosauridae,Tyrannosaurus
459864,occ,,,45299,Tyrannosaurus rex,species,54833,,Tyrannosaurus rex,species,54833,Late Maastrichtian,,72.2,66.0,11749,-104.002403,46.464298,112,Chordata,Saurischia,NO_ORDER_SPECIFIED,Tyrannosauridae,Tyrannosaurus
459975,occ,,,45312,Tyrannosaurus rex,species,54833,,Tyrannosaurus rex,species,54833,Maastrichtian,,72.2,66.0,11749,-104.002403,46.464298,112,Chordata,Saurischia,NO_ORDER_SPECIFIED,Tyrannosauridae,Tyrannosaurus
460445,occ,,,45381,Tyrannosaurus rex,species,54833,,Tyrannosaurus rex,species,54833,Late Maastrichtian,,72.2,66.0,11749,-103.897903,46.3629,112,Chordata,Saurischia,NO_ORDER_SPECIFIED,Tyrannosauridae,Tyrannosaurus
460473,occ,,,45388,Tyrannosaurus rex,species,54833,,Tyrannosaurus rex,species,54833,Late Maastrichtian,,72.2,66.0,11749,-103.946098,45.93903,112,Chordata,Saurischia,NO_ORDER_SPECIFIED,Tyrannosauridae,Tyrannosaurus
460480,occ,,,45389,Tyrannosaurus rex,species,54833,,Tyrannosaurus rex,species,54833,Late Maastrichtian,,72.2,66.0,11749,-103.946098,45.93903,112,Chordata,Saurischia,NO_ORDER_SPECIFIED,Tyrannosauridae,Tyrannosaurus
460503,occ,,,45390,Tyrannosaurus rex,species,54833,,Tyrannosaurus rex,species,54833,Late Maastrichtian,,72.2,66.0,11749,-103.946098,45.93903,112,Chordata,Saurischia,NO_ORDER_SPECIFIED,Tyrannosauridae,Tyrannosaurus
464520,occ,,,45878,Dynamosaurus imperiosus n. gen. n. sp.,species,56318,,Tyrannosaurus rex,species,54833,Late Maastrichtian,,72.2,66.0,9259,-104.411598,43.441799,112,Chordata,Saurischia,NO_ORDER_SPECIFIED,Tyrannosauridae,Tyrannosaurus
487164,occ,,,48848,Tyrannosaurus rex,species,54833,,Tyrannosaurus rex,species,54833,Maastrichtian,,72.2,66.0,54064,-106.455559,47.96389,112,Chordata,Saurischia,NO_ORDER_SPECIFIED,Tyrannosauridae,Tyrannosaurus
487166,occ,,,48847,Tyrannosaurus rex,species,54833,,Tyrannosaurus rex,species,54833,Maastrichtian,,72.2,66.0,54064,-106.455559,47.96389,112,Chordata,Saurischia,NO_ORDER_SPECIFIED,Tyrannosauridae,Tyrannosaurus
487593,occ,,,49005,Tyrannosaurus rex n. gen. n. sp.,species,54833,,Tyrannosaurus rex,species,54833,Late Maastrichtian,,72.2,66.0,9259,-105.839996,48.286839,112,Chordata,Saurischia,NO_ORDER_SPECIFIED,Tyrannosauridae,Tyrannosaurus
488363,occ,,,14585,cf. Tyrannosaurus rex,species,54833,,Tyrannosaurus rex,species,54833,Late Maastrichtian,,72.2,66.0,803,-104.637001,43.116329,112,Chordata,Saurischia,NO_ORDER_SPECIFIED,Tyrannosauridae,Tyrannosaurus
490989,occ,31396.0,,49523,Tyrannosaurus rex,species,54833,,Tyrannosaurus rex,species,54833,Late Maastrichtian,,72.2,66.0,13266,-105.203766,39.751331,112,Chordata,Saurischia,NO_ORDER_SPECIFIED,Tyrannosauridae,Tyrannosaurus
491014,occ,,,49535,Tyrannosaurus rex,species,54833,,Tyrannosaurus rex,species,54833,Late Maastrichtian,,72.2,66.0,13266,-105.110275,39.8675,112,Chordata,Saurischia,NO_ORDER_SPECIFIED,Tyrannosauridae,Tyrannosaurus
491021,occ,,,49538,Tyrannosaurus rex,species,54833,,Tyrannosaurus rex,species,54833,Late Maastrichtian,,72.2,66.0,51520,-105.016113,39.613335,112,Chordata,Saurischia,NO_ORDER_SPECIFIED,Tyrannosauridae,Tyrannosaurus
491030,occ,,,49539,Tyrannosaurus rex,species,54833,,Tyrannosaurus rex,species,54833,Late Maastrichtian,,72.2,66.0,13266,-105.036667,39.836666,112,Chordata,Saurischia,NO_ORDER_SPECIFIED,Tyrannosauridae,Tyrannosaurus
491043,occ,,,49547,Tyrannosaurus rex,species,54833,,Tyrannosaurus rex,species,54833,Late Maastrichtian,,72.2,66.0,13266,-105.110275,39.8675,112,Chordata,Saurischia,NO_ORDER_SPECIFIED,Tyrannosauridae,Tyrannosaurus
519729,occ,,,52871,Tyrannosaurus rex,species,54833,,Tyrannosaurus rex,species,54833,Late Maastrichtian,,72.2,66.0,10608,-104.072433,43.128304,112,Chordata,Saurischia,NO_ORDER_SPECIFIED,Tyrannosauridae,Tyrannosaurus
528631,occ,,,54002,Gorgosaurus lancensis n. sp.,species,57256,,Tyrannosaurus rex,species,54833,Maastrichtian,,72.2,66.0,14592,-104.159698,45.500801,112,Chordata,Saurischia,NO_ORDER_SPECIFIED,Tyrannosauridae,Tyrannosaurus
529533,occ,,,54105,Tyrannosaurus rex,species,54833,,Tyrannosaurus rex,species,54833,Late Maastrichtian,,72.2,66.0,14627,-108.816666,49.516666,112,Chordata,Saurischia,NO_ORDER_SPECIFIED,Tyrannosauridae,Tyrannosaurus
545327,occ,,,14538,cf. Tyrannosaurus rex,species,54833,,Tyrannosaurus rex,species,54833,Lancian,,72.2,66.0,803,-104.533302,43.166698,112,Chordata,Saurischia,NO_ORDER_SPECIFIED,Tyrannosauridae,Tyrannosaurus
545995,occ,,,57166,cf. Tyrannosaurus rex,species,54833,,Tyrannosaurus rex,species,54833,Late Maastrichtian,,72.2,66.0,803,-104.650002,43.266701,112,Chordata,Saurischia,NO_ORDER_SPECIFIED,Tyrannosauridae,Tyrannosaurus
566954,occ,39839.0,,48193,Tyrannosaurus regina,species,461278,,Tyrannosaurus rex,species,54833,Lancian,,72.2,66.0,82296,-103.624443,45.65139,112,Chordata,Saurischia,NO_ORDER_SPECIFIED,Tyrannosauridae,Tyrannosaurus
577480,occ,,,60766,Tyrannosaurus rex,species,54833,,Tyrannosaurus rex,species,54833,Maastrichtian,,72.2,66.0,17469,-107.083,47.536201,112,Chordata,Saurischia,NO_ORDER_SPECIFIED,Tyrannosauridae,Tyrannosaurus
577481,occ,18022.0,,60766,Albertosaurus megagracilis n. sp.,species,67649,,Tyrannosaurus rex,species,54833,Maastrichtian,,72.2,66.0,10350,-107.083,47.536201,112,Chordata,Saurischia,NO_ORDER_SPECIFIED,Tyrannosauridae,Tyrannosaurus
646548,occ,,,47034,Tyrannosaurus rex,species,54833,,Tyrannosaurus rex,species,54833,Late Maastrichtian,,72.2,66.0,23444,-101.626297,45.530899,112,Chordata,Saurischia,NO_ORDER_SPECIFIED,Tyrannosauridae,Tyrannosaurus
690124,occ,39842.0,,74175,Tyrannosaurus imperator,species,461277,,Tyrannosaurus rex,species,54833,Maastrichtian,,72.2,66.0,82296,-103.451668,45.062778,112,Chordata,Saurischia,NO_ORDER_SPECIFIED,Tyrannosauridae,Tyrannosaurus
692634,occ,,,14674,cf. Gorgosaurus lancensis,species,57256,,Tyrannosaurus rex,species,54833,Late Maastrichtian,,72.2,66.0,2333,-106.099998,47.799999,112,Chordata,Saurischia,NO_ORDER_SPECIFIED,Tyrannosauridae,Tyrannosaurus
692635,occ,,,14674,Tyrannosaurus rex,species,54833,,Tyrannosaurus rex,species,54833,Late Maastrichtian,,72.2,66.0,2333,-106.099998,47.799999,112,Chordata,Saurischia,NO_ORDER_SPECIFIED,Tyrannosauridae,Tyrannosaurus
700704,occ,,,75284,Tyrannosaurus rex,species,54833,,Tyrannosaurus rex,species,54833,Lancian,,72.2,66.0,2236,-106.890236,41.934753,112,Chordata,Saurischia,NO_ORDER_SPECIFIED,Tyrannosauridae,Tyrannosaurus
700725,occ,,,75286,Tyrannosaurus rex,species,54833,,Tyrannosaurus rex,species,54833,Lancian,,72.2,66.0,2236,-107.0,41.799999,112,Chordata,Saurischia,NO_ORDER_SPECIFIED,Tyrannosauridae,Tyrannosaurus
702708,occ,,,75432,Tyrannosaurus rex,species,54833,,Tyrannosaurus rex,species,54833,Lancian,,72.2,66.0,2236,-106.876312,41.939877,112,Chordata,Saurischia,NO_ORDER_SPECIFIED,Tyrannosauridae,Tyrannosaurus
702767,occ,,,75446,Tyrannosaurus rex,species,54833,,Tyrannosaurus rex,species,54833,Lancian,,72.2,66.0,2236,-106.88224,41.935326,112,Chordata,Saurischia,NO_ORDER_SPECIFIED,Tyrannosauridae,Tyrannosaurus
1093504,occ,,,137722,Tyrannosaurus rex,species,54833,,Tyrannosaurus rex,species,54833,Lancian,,72.2,66.0,42536,-103.50222,46.413055,112,Chordata,Saurischia,NO_ORDER_SPECIFIED,Tyrannosauridae,Tyrannosaurus
1093548,occ,,,137728,Tyrannosaurus rex,species,54833,,Tyrannosaurus rex,species,54833,Lancian,,72.2,66.0,42536,-103.50222,46.413055,112,Chordata,Saurischia,NO_ORDER_SPECIFIED,Tyrannosauridae,Tyrannosaurus
1123288,occ,,,142325,Tyrannosaurus rex,species,54833,,Tyrannosaurus rex,species,54833,Late Maastrichtian,,72.2,66.0,46207,-104.494812,43.422287,112,Chordata,Saurischia,NO_ORDER_SPECIFIED,Tyrannosauridae,Tyrannosaurus
1179394,occ,,,14526,Tyrannosaurus rex,species,54833,,Tyrannosaurus rex,species,54833,Lancian,,72.2,66.0,48569,-108.853798,44.935799,112,Chordata,Saurischia,NO_ORDER_SPECIFIED,Tyrannosauridae,Tyrannosaurus
1199943,occ,40046.0,,155214,Tyrannosaurus rex,species,54833,,Tyrannosaurus rex,species,54833,Maastrichtian,,72.2,66.0,82620,-109.0,31.0,112,Chordata,Saurischia,NO_ORDER_SPECIFIED,Tyrannosauridae,Tyrannosaurus
1210694,occ,39845.0,,157187,Tyrannosaurus regina n. sp.,species,461278,,Tyrannosaurus rex,species,54833,Late Maastrichtian,,72.2,66.0,82296,-106.255913,47.732971,112,Chordata,Saurischia,NO_ORDER_SPECIFIED,Tyrannosauridae,Tyrannosaurus
1210695,occ,39844.0,,157188,Tyrannosaurus regina,species,461278,,Tyrannosaurus rex,species,54833,Late Maastrichtian,,72.2,66.0,82296,-114.106903,49.607498,112,Chordata,Saurischia,NO_ORDER_SPECIFIED,Tyrannosauridae,Tyrannosaurus
1210698,occ,39843.0,,157189,Tyrannosaurus imperator n. sp.,species,461277,,Tyrannosaurus rex,species,54833,Late Maastrichtian,,72.2,66.0,82296,-101.96788,45.053665,112,Chordata,Saurischia,NO_ORDER_SPECIFIED,Tyrannosauridae,Tyrannosaurus
1350466,occ,,,183109,Tyrannosaurus rex,species,54833,,Tyrannosaurus rex,species,54833,Late Maastrichtian,,72.2,66.0,61095,-105.080002,45.66,112,Chordata,Saurischia,NO_ORDER_SPECIFIED,Tyrannosauridae,Tyrannosaurus
1372226,occ,,,38544,Tyrannosaurus rex,species,54833,,Tyrannosaurus rex,species,54833,Maastrichtian,,72.2,66.0,62838,-107.083,47.536201,112,Chordata,Saurischia,NO_ORDER_SPECIFIED,Tyrannosauridae,Tyrannosaurus
1584409,occ,39846.0,,223934,? Tyrannosaurus rex,species,54833,,Tyrannosaurus rex,species,54833,Lancian,,72.2,66.0,82296,-103.624001,45.651001,112,Chordata,Saurischia,NO_ORDER_SPECIFIED,Tyrannosauridae,Tyrannosaurus
1584410,occ,39847.0,,223935,Tyrannosaurus regina,species,461278,,Tyrannosaurus rex,species,54833,Lancian,,72.2,66.0,82296,-106.306,47.886002,112,Chordata,Saurischia,NO_ORDER_SPECIFIED,Tyrannosauridae,Tyrannosaurus
1588479,occ,,,224484,Tyrannosaurus rex,species,54833,,Tyrannosaurus rex,species,54833,Late Maastrichtian,,72.2,66.0,80625,-103.188957,45.000481,112,Chordata,Saurischia,NO_ORDER_SPECIFIED,Tyrannosauridae,Tyrannosaurus
1588480,occ,,,224484,Nanotyrannus lancensis,species,53213,,Tyrannosaurus rex,species,54833,Late Maastrichtian,,72.2,66.0,80625,-103.188957,45.000481,112,Chordata,Saurischia,NO_ORDER_SPECIFIED,Tyrannosauridae,Tyrannosaurus
1599636,occ,,,226054,Tyrannosaurus rex,species,54833,,Tyrannosaurus rex,species,54833,Late Maastrichtian,,72.2,66.0,81886,-104.484001,47.479,112,Chordata,Saurischia,NO_ORDER_SPECIFIED,Tyrannosauridae,Tyrannosaurus
1625433,occ,,,227186,Tyrannosaurus rex,species,54833,,Tyrannosaurus rex,species,54833,Late Campanian,,83.6,72.2,31715,-108.320999,36.507999,113,Chordata,Saurischia,NO_ORDER_SPECIFIED,Tyrannosauridae,Tyrannosaurus
1626823,occ,,,230284,Nanotyrannus lancensis,species,53213,,Tyrannosaurus rex,species,54833,Late Maastrichtian,,72.2,66.0,84885,-104.427002,43.505402,112,Chordata,Saurischia,NO_ORDER_SPECIFIED,Tyrannosauridae,Tyrannosaurus
1688887,occ,,,239512,Tyrannosaurus rex,species,54833,,Tyrannosaurus rex,species,54833,Late Maastrichtian,,72.2,66.0,91309,-105.038887,45.978611,112,Chordata,Saurischia,NO_ORDER_SPECIFIED,Tyrannosauridae,Tyrannosaurus
